dataset,methods,communication latency,packet loss,translation error,rotation error,AP,ATE,ASE,AOE,AVE,AMOTA,AMOTP,RECALL,MOTAR,GT,MOTA,MOTP,MT,ML,FAF,TP,FP,FN,IDS,FRAG,TID,LGD
100scenes_random,0-no fusion,0,0,0,0,0.459,0.4,0.11,0.197,2.999,0.481,1.105,0.568,0.784,21683,0.442,0.503,62,79,80.8,12236,2647,9375,72,161,8.14,12.98
100scenes_random,1-early fusion,0,0,0,0,0.583,0.43,0.119,0.143,2.813,0.649,0.89,0.705,0.872,21683,0.613,0.567,95,48,59.7,15251,1958,6393,39,143,4.88,9.75
100scenes_random,2a1-v2x-vit,0,0,0,0,0.4,0.524,0.154,0.188,3.015,0.423,1.181,0.477,0.726,21683,0.346,0.551,45,99,86.3,10327,2828,11332,24,159,12.55,18.47
100scenes_random,2a2-where2comm,0,0,0,0,0.406,0.517,0.134,0.259,3.441,0.451,1.207,0.497,0.818,21683,0.406,0.494,54,103,59.7,10762,1957,10902,19,91,6.09,13.79
100scenes_random,2b1-cooptrack,0,0,0,0,0.468,0.374,0.106,0.14,3.029,0.49,1.11,0.542,0.834,21683,0.452,0.481,61,88,59.3,11736,1943,9931,16,106,7.73,12.9
100scenes_random,2b2-univ2x,0,0,0,0,0.402,0.497,0.153,0.189,3.229,0.443,1.179,0.519,0.713,21683,0.369,0.512,53,93,98.2,11213,3219,10431,39,121,9.12,16.03
100scenes_random,3-late fusion,0,0,0,0,0.375,0.323,0.703,0.157,3.535,0.4,1.076,0.409,0.766,21683,0.313,0.398,52,131,63.2,8851,2071,12814,18,49,8.41,14.09
50scenes_25m,0-no fusion,0,0,0,0,0.375,0.409,0.102,0.272,3.493,0.365,1.291,0.378,0.867,8320,0.327,0.358,16,54,28.1,3140,419,5178,2,23,8.31,16.45
50scenes_25m,1-early fusion,0,0,0,0,0.607,0.38,0.142,0.333,3.404,0.67,0.82,0.711,0.933,8320,0.662,0.468,33,18,26.7,5908,398,2403,9,27,5.25,11.21
50scenes_25m,1-early fusion,100,0,0,0,0.564,0.424,0.141,0.314,3.387,0.64,0.884,0.702,0.898,8265,0.63,0.533,31,20,39.7,5791,588,2462,12,50,4.84,11.41
50scenes_25m,1-early fusion,200,0,0,0,0.508,0.483,0.142,0.306,3.378,0.58,0.986,0.662,0.854,8210,0.564,0.589,29,23,54,5422,794,2771,17,74,5.84,12.99
50scenes_25m,1-early fusion,300,0,0,0,0.459,0.511,0.141,0.292,3.347,0.513,1.067,0.614,0.775,8155,0.474,0.605,22,27,76.9,4988,1123,3148,19,84,6.13,13.81
50scenes_25m,1-early fusion,400,0,0,0,0.42,0.52,0.141,0.292,3.291,0.45,1.143,0.567,0.686,8100,0.387,0.586,22,34,99.2,4575,1438,3510,15,77,7.18,15.95
50scenes_25m,1-early fusion,0,0.1,0,0,0.596,0.382,0.14,0.329,3.384,0.669,0.825,0.703,0.931,8320,0.653,0.476,33,21,27,5837,402,2471,12,32,5.41,11.41
50scenes_25m,1-early fusion,0,0.2,0,0,0.584,0.39,0.14,0.329,3.359,0.668,0.831,0.704,0.919,8320,0.646,0.491,34,19,31.6,5845,471,2460,15,61,4.26,10.99
50scenes_25m,1-early fusion,0,0.3,0,0,0.565,0.399,0.138,0.326,3.335,0.639,0.872,0.708,0.884,8320,0.623,0.512,32,20,45.6,5865,679,2432,23,72,4.41,10.99
50scenes_25m,1-early fusion,0,0.4,0,0,0.549,0.412,0.137,0.324,3.321,0.637,0.881,0.682,0.911,8320,0.619,0.515,30,21,33.8,5650,504,2649,21,84,5.82,12.36
50scenes_25m,1-early fusion,0,0.5,0,0,0.53,0.422,0.136,0.32,3.289,0.611,0.926,0.682,0.886,8320,0.601,0.537,29,21,43.4,5649,646,2647,24,103,4.53,11.96
50scenes_25m,1-early fusion,0,0,0.5,0,0.586,0.409,0.142,0.328,3.406,0.668,0.837,0.709,0.934,8320,0.661,0.505,33,21,26,5891,388,2417,12,50,4.71,11.26
50scenes_25m,1-early fusion,0,0,1,0,0.541,0.461,0.14,0.328,3.418,0.634,0.902,0.704,0.88,8320,0.616,0.589,30,17,46.8,5826,698,2459,35,147,3.89,11
50scenes_25m,1-early fusion,0,0,1.5,0,0.495,0.481,0.139,0.317,3.466,0.576,0.983,0.662,0.817,8320,0.535,0.602,28,15,67.1,5452,1000,2815,53,244,4.4,10.49
50scenes_25m,1-early fusion,0,0,2,0,0.456,0.495,0.14,0.311,3.516,0.517,1.055,0.621,0.748,8320,0.457,0.612,23,17,86.2,5087,1284,3154,79,298,5.01,11.09
50scenes_25m,1-early fusion,0,0,2.5,0,0.416,0.499,0.141,0.313,3.5,0.455,1.126,0.576,0.678,8320,0.384,0.595,19,23,101.6,4706,1514,3528,86,297,6.66,13.25
50scenes_25m,1-early fusion,0,0,0,1,0.587,0.391,0.142,0.329,3.41,0.664,0.825,0.731,0.893,8320,0.65,0.508,34,15,43.5,6054,648,2238,28,62,3.74,10.13
50scenes_25m,1-early fusion,0,0,0,2,0.558,0.413,0.142,0.317,3.411,0.636,0.871,0.707,0.875,8320,0.616,0.539,32,18,49.1,5855,731,2435,30,113,4.19,10.49
50scenes_25m,1-early fusion,0,0,0,3,0.523,0.434,0.144,0.313,3.416,0.584,0.95,0.66,0.857,8320,0.563,0.549,31,22,52.3,5461,780,2832,27,174,5.65,12
50scenes_25m,1-early fusion,0,0,0,4,0.487,0.447,0.144,0.306,3.412,0.533,1.031,0.617,0.808,8320,0.494,0.553,22,22,65.6,5085,977,3187,48,211,5.65,12.4
50scenes_25m,1-early fusion,0,0,0,5,0.442,0.447,0.144,0.311,3.441,0.484,1.073,0.574,0.73,8320,0.414,0.541,18,28,85.4,4716,1273,3542,62,209,7.15,14.42
50scenes_25m,2a1-v2x-vit,0,0,0,0,0.465,0.544,0.157,0.272,3.354,0.508,1.086,0.601,0.753,8320,0.45,0.56,23,24,82.6,4977,1230,3321,22,71,5.59,14.59
50scenes_25m,2a1-v2x-vit,100,0,0,0,0.447,0.558,0.157,0.268,3.303,0.504,1.088,0.6,0.751,8265,0.449,0.585,21,28,83.2,4941,1231,3302,22,65,5.53,14.12
50scenes_25m,2a1-v2x-vit,200,0,0,0,0.425,0.59,0.157,0.27,3.222,0.472,1.136,0.542,0.746,8210,0.403,0.596,19,31,76.6,4431,1126,3761,18,63,5.58,15.06
50scenes_25m,2a1-v2x-vit,300,0,0,0,0.394,0.636,0.154,0.258,3.15,0.438,1.198,0.549,0.7,8155,0.382,0.643,21,34,91.7,4458,1339,3678,19,62,6.73,16.14
50scenes_25m,2a1-v2x-vit,400,0,0,0,0.364,0.662,0.157,0.255,3.051,0.407,1.242,0.426,0.749,8100,0.318,0.587,16,47,59.7,3445,866,4647,8,35,7.95,14.71
50scenes_25m,2a1-v2x-vit,0,0.1,0,0,0.437,0.528,0.154,0.278,3.267,0.493,1.07,0.615,0.731,8320,0.445,0.563,24,22,91.7,5069,1366,3200,51,99,5.2,13.64
50scenes_25m,2a1-v2x-vit,0,0.2,0,0,0.422,0.517,0.154,0.287,3.231,0.463,1.102,0.595,0.704,8320,0.413,0.551,23,25,96.8,4877,1442,3373,70,120,4.98,14.26
50scenes_25m,2a1-v2x-vit,0,0.3,0,0,0.412,0.507,0.151,0.292,3.173,0.458,1.092,0.597,0.69,8320,0.406,0.567,24,24,101.6,4890,1514,3353,77,152,4.92,14.43
50scenes_25m,2a1-v2x-vit,0,0.4,0,0,0.406,0.498,0.151,0.296,3.085,0.457,1.129,0.556,0.763,8320,0.418,0.548,19,28,72.6,4556,1082,3693,71,156,6.25,16.05
50scenes_25m,2a1-v2x-vit,0,0.5,0,0,0.377,0.494,0.15,0.305,3.023,0.4,1.207,0.508,0.731,8320,0.363,0.524,16,32,74.5,4132,1110,4092,96,180,6.03,17.26
50scenes_25m,2a1-v2x-vit,0,0,0.5,0,0.445,0.572,0.153,0.255,3.337,0.507,1.095,0.614,0.717,8320,0.437,0.613,23,20,96.1,5065,1432,3211,44,159,5.16,13.6
50scenes_25m,2a1-v2x-vit,0,0,1,0,0.395,0.616,0.148,0.255,3.362,0.444,1.176,0.545,0.64,8320,0.347,0.64,22,27,108.7,4503,1619,3782,35,280,6.54,14.82
50scenes_25m,2a1-v2x-vit,0,0,1.5,0,0.346,0.632,0.145,0.252,3.341,0.364,1.255,0.374,0.717,8320,0.266,0.516,13,45,58.7,3088,874,5206,26,194,10.42,21.92
50scenes_25m,2a1-v2x-vit,0,0,2,0,0.291,0.62,0.141,0.246,3.269,0.265,1.319,0.248,0.915,8320,0.227,0.283,12,67,11.7,2059,174,6256,5,36,15.41,23.8
50scenes_25m,2a1-v2x-vit,0,0,2.5,0,0.252,0.604,0.141,0.25,3.203,0.197,1.423,0.23,0.822,8320,0.189,0.255,10,68,22.8,1909,339,6403,8,40,19.54,22.52
50scenes_25m,2a1-v2x-vit,0,0,0,1,0.457,0.555,0.155,0.268,3.356,0.508,1.092,0.595,0.769,8320,0.455,0.58,25,25,76.3,4925,1137,3370,25,86,6.02,14.37
50scenes_25m,2a1-v2x-vit,0,0,0,2,0.429,0.566,0.147,0.254,3.367,0.474,1.128,0.55,0.748,8320,0.408,0.596,20,30,76.9,4543,1146,3748,29,158,7.35,15.65
50scenes_25m,2a1-v2x-vit,0,0,0,3,0.391,0.567,0.143,0.248,3.365,0.425,1.169,0.533,0.654,8320,0.344,0.596,18,32,101.7,4382,1516,3884,54,235,6.16,14.32
50scenes_25m,2a1-v2x-vit,0,0,0,4,0.373,0.568,0.142,0.251,3.355,0.407,1.203,0.506,0.641,8320,0.319,0.594,15,36,99.9,4143,1489,4107,70,253,6.49,16.5
50scenes_25m,2a1-v2x-vit,0,0,0,5,0.346,0.563,0.139,0.238,3.317,0.369,1.247,0.493,0.579,8320,0.277,0.595,16,39,112.6,3985,1678,4217,118,289,6.56,16.17
50scenes_25m,2a2-where2comm,0,0,0,0,0.396,0.424,0.11,0.197,3.327,0.406,1.218,0.474,0.802,8320,0.379,0.45,17,40,52.3,3934,779,4377,9,46,9.5,14.26
50scenes_25m,2a2-where2comm,100,0,0,0,0.39,0.436,0.111,0.198,3.332,0.408,1.221,0.473,0.791,8265,0.373,0.464,17,40,55.1,3897,816,4359,9,47,8.57,13.86
50scenes_25m,2a2-where2comm,200,0,0,0,0.381,0.446,0.11,0.193,3.317,0.402,1.229,0.451,0.817,8210,0.367,0.458,18,44,46.1,3693,677,4511,6,35,8.11,13.49
50scenes_25m,2a2-where2comm,300,0,0,0,0.37,0.46,0.11,0.197,3.306,0.397,1.234,0.451,0.797,8155,0.359,0.475,18,43,51,3674,745,4474,7,45,7.89,12.24
50scenes_25m,2a2-where2comm,400,0,0,0,0.362,0.472,0.111,0.201,3.287,0.376,1.269,0.452,0.781,8100,0.352,0.485,18,42,55.2,3653,801,4440,7,45,8.94,13.55
50scenes_25m,2a2-where2comm,0,0.1,0,0,0.395,0.418,0.109,0.2,3.331,0.407,1.21,0.498,0.755,8320,0.375,0.465,18,35,67.8,4129,1010,4178,13,60,7.62,17.04
50scenes_25m,2a2-where2comm,0,0.2,0,0,0.391,0.415,0.108,0.204,3.339,0.401,1.211,0.472,0.789,8320,0.371,0.439,19,39,55.3,3913,824,4394,13,56,7.82,14.73
50scenes_25m,2a2-where2comm,0,0.3,0,0,0.389,0.409,0.105,0.203,3.346,0.403,1.21,0.464,0.801,8320,0.37,0.434,20,40,51.5,3845,767,4461,14,53,8.58,15.21
50scenes_25m,2a2-where2comm,0,0.4,0,0,0.387,0.407,0.105,0.204,3.342,0.401,1.21,0.462,0.804,8320,0.37,0.431,20,40,50.3,3830,750,4477,13,54,8.58,15.2
50scenes_25m,2a2-where2comm,0,0.5,0,0,0.384,0.404,0.105,0.206,3.342,0.379,1.248,0.458,0.792,8320,0.361,0.431,19,40,52.8,3789,787,4513,18,58,8.59,15.72
50scenes_25m,2a2-where2comm,0,0,0.5,0,0.39,0.431,0.109,0.199,3.332,0.405,1.222,0.453,0.822,8320,0.372,0.429,18,43,45.1,3766,672,4548,6,43,9.09,14.39
50scenes_25m,2a2-where2comm,0,0,1,0,0.378,0.446,0.106,0.197,3.349,0.397,1.228,0.451,0.8,8320,0.36,0.456,17,43,50.2,3741,748,4570,9,72,8.78,13.84
50scenes_25m,2a2-where2comm,0,0,1.5,0,0.363,0.449,0.102,0.205,3.386,0.369,1.264,0.45,0.731,8320,0.328,0.484,16,42,67.4,3732,1005,4574,14,122,9.73,15.07
50scenes_25m,2a2-where2comm,0,0,2,0,0.353,0.443,0.101,0.208,3.402,0.359,1.265,0.433,0.709,8320,0.305,0.473,16,42,69.7,3574,1039,4719,27,127,8,13.64
50scenes_25m,2a2-where2comm,0,0,2.5,0,0.341,0.438,0.102,0.215,3.449,0.336,1.301,0.434,0.691,8320,0.297,0.467,15,39,74,3573,1103,4711,36,131,9.62,15.86
50scenes_25m,2a2-where2comm,0,0,0,1,0.392,0.434,0.109,0.201,3.344,0.404,1.221,0.451,0.828,8320,0.373,0.43,17,43,43.3,3747,645,4567,6,37,8.4,13.67
50scenes_25m,2a2-where2comm,0,0,0,2,0.383,0.437,0.108,0.202,3.357,0.397,1.226,0.449,0.795,8320,0.356,0.446,17,43,51.3,3723,764,4587,10,64,9.36,14.39
50scenes_25m,2a2-where2comm,0,0,0,3,0.374,0.435,0.106,0.204,3.369,0.39,1.221,0.45,0.764,8320,0.342,0.463,18,41,59.2,3731,882,4574,15,84,9.02,15.47
50scenes_25m,2a2-where2comm,0,0,0,4,0.362,0.434,0.105,0.21,3.377,0.367,1.259,0.455,0.734,8320,0.331,0.467,15,39,67.2,3758,1001,4538,24,103,8.19,14.96
50scenes_25m,2a2-where2comm,0,0,0,5,0.364,0.427,0.104,0.207,3.375,0.373,1.257,0.433,0.762,8320,0.327,0.442,15,42,57.2,3575,852,4718,27,100,8.22,14.84
50scenes_25m,2b1-cooptrack,0,0,0,0,0.479,0.545,0.123,0.356,3.189,0.488,1.066,0.452,0.84,8320,0.379,0.49,21,49,40.2,3755,599,4563,2,37,6.32,13.01
50scenes_25m,2b1-cooptrack,100,0,0,0,0.463,0.557,0.128,0.346,3.209,0.467,1.071,0.523,0.704,8265,0.368,0.546,22,39,86.2,4317,1276,3943,5,43,4.9,16.89
50scenes_25m,2b1-cooptrack,200,0,0,0,0.437,0.617,0.126,0.345,3.14,0.445,1.154,0.504,0.697,8210,0.349,0.59,22,43,85,4118,1249,4076,16,47,4.4,16.28
50scenes_25m,2b1-cooptrack,300,0,0,0,0.397,0.688,0.126,0.323,3.067,0.424,1.194,0.502,0.661,8155,0.331,0.672,21,42,94.8,4085,1384,4060,10,50,5.3,16.7
50scenes_25m,2b1-cooptrack,400,0,0,0,0.364,0.763,0.128,0.31,2.998,0.413,1.27,0.426,0.763,8100,0.325,0.72,17,50,56.3,3448,816,4651,1,31,9.22,17.04
50scenes_25m,2b1-cooptrack,0,0.1,0,0,0.459,0.531,0.125,0.357,3.24,0.465,1.061,0.409,0.841,8320,0.344,0.421,19,53,36.2,3398,539,4920,2,17,5.55,14.64
50scenes_25m,2b1-cooptrack,0,0.2,0,0,0.436,0.52,0.122,0.374,3.245,0.423,1.082,0.405,0.755,8320,0.305,0.406,18,54,55.3,3363,824,4952,5,26,4.33,15.09
50scenes_25m,2b1-cooptrack,0,0.3,0,0,0.422,0.519,0.125,0.361,3.241,0.412,1.085,0.428,0.742,8320,0.318,0.456,17,48,61.5,3559,917,4758,3,37,7.28,18.08
50scenes_25m,2b1-cooptrack,0,0.4,0,0,0.419,0.524,0.127,0.373,3.226,0.416,1.122,0.453,0.748,8320,0.339,0.471,19,46,63.8,3767,950,4547,6,45,5.89,16.88
50scenes_25m,2b1-cooptrack,0,0.5,0,0,0.396,0.522,0.125,0.364,3.258,0.401,1.122,0.431,0.719,8320,0.31,0.464,17,48,67.4,3582,1005,4730,8,43,6.71,18.46
50scenes_25m,2b1-cooptrack,0,0,0.5,0,0.439,0.634,0.126,0.357,3.259,0.459,1.124,0.48,0.745,8320,0.357,0.593,24,46,68.1,3983,1014,4326,11,51,5.76,14.05
50scenes_25m,2b1-cooptrack,0,0,1,0,0.365,0.772,0.126,0.358,3.314,0.393,1.247,0.438,0.672,8320,0.293,0.718,18,46,79.9,3632,1191,4680,8,71,5.69,15.33
50scenes_25m,2b1-cooptrack,0,0,1.5,0,0.327,0.866,0.128,0.352,3.384,0.348,1.323,0.432,0.67,8320,0.289,0.779,17,46,79.3,3587,1182,4724,9,108,6.05,18.22
50scenes_25m,2b1-cooptrack,0,0,2,0,0.291,0.864,0.127,0.369,3.414,0.267,1.37,0.372,0.581,8320,0.215,0.756,16,49,86.7,3082,1292,5225,13,177,8.42,18.59
50scenes_25m,2b1-cooptrack,0,0,2.5,0,0.265,0.83,0.134,0.394,3.326,0.227,1.383,0.251,0.811,8320,0.204,0.664,9,62,26.4,2088,394,6231,1,127,6.98,18.43
50scenes_25m,2b1-cooptrack,0,0,0,1,0.464,0.567,0.128,0.362,3.246,0.482,1.076,0.547,0.7,8320,0.382,0.574,24,37,91.3,4540,1361,3771,9,58,4.37,15.06
50scenes_25m,2b1-cooptrack,0,0,0,2,0.443,0.581,0.125,0.379,3.244,0.433,1.117,0.456,0.773,8320,0.352,0.538,21,47,57.8,3786,861,4528,6,44,6.64,16.55
50scenes_25m,2b1-cooptrack,0,0,0,3,0.419,0.59,0.128,0.367,3.217,0.42,1.125,0.459,0.713,8320,0.326,0.533,20,45,73.2,3804,1091,4504,12,47,6.76,15.5
50scenes_25m,2b1-cooptrack,0,0,0,4,0.412,0.6,0.126,0.382,3.204,0.416,1.171,0.432,0.809,8320,0.349,0.534,19,46,46,3593,686,4723,4,46,7.46,16.12
50scenes_25m,2b1-cooptrack,0,0,0,5,0.39,0.617,0.129,0.393,3.277,0.395,1.208,0.43,0.728,8320,0.313,0.539,19,48,65.4,3576,974,4740,4,57,6.21,16.3
50scenes_25m,2b2-univ2x,0,0,0,0,0.419,0.483,0.127,0.232,3.502,0.456,1.132,0.566,0.727,8320,0.41,0.584,21,32,85.8,4687,1278,3610,23,100,6.78,15.35
50scenes_25m,2b2-univ2x,100,0,0,0,0.412,0.496,0.127,0.232,3.493,0.456,1.134,0.567,0.681,8265,0.385,0.606,21,32,100.6,4668,1489,3575,22,106,6.73,15
50scenes_25m,2b2-univ2x,200,0,0,0,0.397,0.512,0.13,0.227,3.475,0.428,1.174,0.439,0.84,8210,0.368,0.503,18,50,39.3,3601,577,4605,4,61,5.56,15.12
50scenes_25m,2b2-univ2x,300,0,0,0,0.384,0.527,0.132,0.238,3.408,0.419,1.183,0.427,0.825,8155,0.352,0.535,16,47,41.6,3475,607,4675,5,59,6.53,13.66
50scenes_25m,2b2-univ2x,400,0,0,0,0.375,0.526,0.129,0.24,3.375,0.393,1.215,0.407,0.777,8100,0.316,0.517,16,51,50.5,3289,732,4805,6,61,6.24,14.16
50scenes_25m,2b2-univ2x,0,0.1,0,0,0.416,0.472,0.126,0.23,3.501,0.463,1.125,0.477,0.836,8320,0.398,0.505,18,41,43.6,3961,650,4351,8,62,7.84,15.92
50scenes_25m,2b2-univ2x,0,0.2,0,0,0.413,0.481,0.124,0.235,3.465,0.47,1.126,0.545,0.734,8320,0.397,0.568,19,32,80.5,4501,1199,3789,30,112,8.1,15.4
50scenes_25m,2b2-univ2x,0,0.3,0,0,0.41,0.475,0.122,0.235,3.421,0.457,1.165,0.528,0.757,8320,0.396,0.55,19,33,71.2,4358,1061,3927,35,107,7.79,16.06
50scenes_25m,2b2-univ2x,0,0.4,0,0,0.404,0.479,0.121,0.241,3.402,0.452,1.167,0.529,0.768,8320,0.402,0.555,19,32,67.9,4354,1011,3917,49,115,6.46,15.09
50scenes_25m,2b2-univ2x,0,0.5,0,0,0.397,0.476,0.121,0.24,3.388,0.434,1.195,0.525,0.755,8320,0.39,0.55,18,34,70.8,4300,1055,3956,64,129,6.24,15.92
50scenes_25m,2b2-univ2x,0,0,0.5,0,0.428,0.492,0.127,0.228,3.449,0.498,1.106,0.568,0.767,8320,0.434,0.587,22,33,73.5,4708,1095,3596,16,104,6.09,14.14
50scenes_25m,2b2-univ2x,0,0,1,0,0.412,0.491,0.123,0.234,3.423,0.496,1.104,0.475,0.894,8320,0.424,0.514,19,45,28,3948,417,4367,5,62,8.2,13.3
50scenes_25m,2b2-univ2x,0,0,1.5,0,0.399,0.497,0.121,0.237,3.428,0.463,1.131,0.461,0.864,8320,0.397,0.504,19,45,35,3827,522,4481,12,75,7.19,14.96
50scenes_25m,2b2-univ2x,0,0,2,0,0.397,0.488,0.117,0.233,3.43,0.437,1.162,0.45,0.795,8320,0.356,0.483,19,45,51.4,3730,766,4577,13,78,7.56,16.68
50scenes_25m,2b2-univ2x,0,0,2.5,0,0.38,0.488,0.117,0.228,3.405,0.39,1.235,0.43,0.765,8320,0.326,0.474,17,44,56.1,3552,836,4742,26,87,9.06,20.19
50scenes_25m,2b2-univ2x,0,0,0,1,0.425,0.482,0.127,0.228,3.484,0.464,1.132,0.573,0.717,8320,0.409,0.588,22,30,90.1,4745,1343,3550,25,113,6.03,14.13
50scenes_25m,2b2-univ2x,0,0,0,2,0.428,0.477,0.125,0.228,3.465,0.472,1.128,0.476,0.868,8320,0.413,0.495,20,43,35,3955,521,4361,4,71,6.7,15.05
50scenes_25m,2b2-univ2x,0,0,0,3,0.411,0.479,0.125,0.233,3.462,0.468,1.129,0.456,0.871,8320,0.397,0.477,19,48,32.8,3789,488,4525,6,57,6.09,14.13
50scenes_25m,2b2-univ2x,0,0,0,4,0.399,0.481,0.125,0.236,3.486,0.444,1.165,0.411,0.884,8320,0.363,0.44,18,54,26.6,3417,397,4897,6,46,5.07,16.2
50scenes_25m,2b2-univ2x,0,0,0,5,0.401,0.474,0.122,0.233,3.471,0.449,1.161,0.428,0.891,8320,0.381,0.445,18,49,26,3556,388,4758,6,53,9.35,14.16
50scenes_25m,3-late fusion,0,0,0,0,0.378,0.33,0.698,0.159,2.954,0.377,1.044,0.341,0.809,8320,0.276,0.355,16,58,36.3,2837,541,5480,3,11,10.48,14.11
50scenes_25m,3-late fusion,100,0,0,0,0.375,0.331,0.697,0.155,2.957,0.378,1.046,0.333,0.846,8265,0.281,0.346,16,59,28.5,2744,422,5516,5,16,8.26,15.44
50scenes_25m,3-late fusion,200,0,0,0,0.366,0.335,0.697,0.15,2.958,0.356,1.083,0.33,0.833,8210,0.274,0.337,16,58,30.7,2705,452,5501,4,15,8.56,16.37
50scenes_25m,3-late fusion,300,0,0,0,0.356,0.333,0.696,0.147,2.947,0.338,1.081,0.33,0.815,8155,0.268,0.34,15,58,34,2686,497,5464,5,14,9.14,17.18
50scenes_25m,3-late fusion,400,0,0,0,0.346,0.321,0.695,0.145,2.942,0.319,1.114,0.328,0.736,8100,0.241,0.301,15,60,48.3,2655,700,5440,5,14,10.72,19.67
50scenes_25m,3-late fusion,0,0.1,0,0,0.369,0.318,0.696,0.153,2.954,0.374,1.081,0.33,0.825,8320,0.272,0.34,15,58,32.1,2737,478,5575,8,16,9.35,14.19
50scenes_25m,3-late fusion,0,0.2,0,0,0.363,0.306,0.694,0.155,2.969,0.377,1.076,0.485,0.547,8320,0.262,0.469,20,41,121,3981,1803,4284,55,63,7.98,15.07
50scenes_25m,3-late fusion,0,0.3,0,0,0.355,0.29,0.692,0.15,2.981,0.365,1.148,0.462,0.586,8320,0.266,0.439,17,44,105,3777,1564,4478,65,78,9.51,16.68
50scenes_25m,3-late fusion,0,0.4,0,0,0.342,0.27,0.689,0.135,2.967,0.36,1.186,0.44,0.645,8320,0.278,0.426,16,46,85.5,3589,1274,4661,70,82,10.93,17.16
50scenes_25m,3-late fusion,0,0.5,0,0,0.341,0.259,0.687,0.143,2.988,0.369,1.222,0.415,0.729,8320,0.296,0.406,16,48,61.5,3379,917,4866,75,87,11.61,17.46
50scenes_25m,3-late fusion,0,0,0.5,0,0.374,0.322,0.694,0.146,2.953,0.393,1.163,0.384,0.812,8320,0.306,0.42,16,52,39.5,3139,589,5123,58,72,12.25,16.86
50scenes_25m,3-late fusion,0,0,1,0,0.333,0.258,0.685,0.133,2.973,0.362,1.264,0.414,0.751,8320,0.303,0.433,16,50,56.2,3361,838,4873,86,118,12.75,18.75
50scenes_25m,3-late fusion,0,0,1.5,0,0.322,0.239,0.684,0.129,2.978,0.354,1.296,0.383,0.819,8320,0.31,0.372,15,52,38.3,3148,570,5132,40,57,11.79,18.92
50scenes_25m,3-late fusion,0,0,2,0,0.317,0.23,0.683,0.125,2.972,0.345,1.331,0.382,0.846,8320,0.322,0.369,16,52,32.6,3164,486,5139,17,37,11.48,22.49
50scenes_25m,3-late fusion,0,0,2.5,0,0.315,0.229,0.682,0.126,2.982,0.346,1.332,0.379,0.856,8320,0.324,0.364,16,52,30.4,3152,453,5163,5,27,13.79,20.54
50scenes_25m,3-late fusion,0,0,0,1,0.35,0.319,0.695,0.147,2.965,0.351,1.122,0.312,0.815,8320,0.251,0.323,13,60,31.8,2563,474,5724,33,38,12.26,19.52
50scenes_25m,3-late fusion,0,0,0,2,0.308,0.274,0.688,0.13,2.968,0.298,1.227,0.306,0.748,8320,0.225,0.315,14,62,42.2,2500,629,5775,45,57,12.42,20.14
50scenes_25m,3-late fusion,0,0,0,3,0.295,0.256,0.686,0.12,2.97,0.283,1.302,0.306,0.734,8320,0.222,0.298,14,62,44.8,2511,668,5775,34,43,12.2,18.38
50scenes_25m,3-late fusion,0,0,0,4,0.292,0.251,0.685,0.123,2.968,0.295,1.298,0.296,0.764,8320,0.225,0.279,14,63,38.8,2447,578,5855,18,27,13.71,22.58
50scenes_25m,3-late fusion,0,0,0,5,0.292,0.251,0.684,0.125,2.975,0.293,1.299,0.39,0.582,8320,0.224,0.392,16,53,89.9,3203,1339,5074,43,62,12.78,19.26
50scenes_40m,0-no fusion,0,0,0,0,0.341,0.484,0.119,0.274,3.155,0.363,1.318,0.401,0.808,11438,0.324,0.472,25,84,58.9,4583,878,6846,9,56,8.03,15.25
50scenes_40m,1-early fusion,0,0,0,0,0.503,0.501,0.136,0.26,3.58,0.555,1.057,0.639,0.851,11438,0.541,0.61,43,39,73,7280,1087,4125,33,108,3.37,11.92
50scenes_40m,2a1-v2x-vit,0,0,0,0,0.41,0.651,0.197,0.248,2.821,0.502,1.175,0.543,0.846,11438,0.458,0.655,34,56,64,6195,954,5226,17,120,5.58,12.49
50scenes_40m,2a2-where2comm,0,0,0,0,0.345,0.513,0.148,0.223,2.992,0.413,1.228,0.477,0.769,11438,0.366,0.576,27,70,84.4,5446,1257,5977,15,78,3.97,14.36
50scenes_40m,2b1-cooptrack,0,0,0,0,0.396,0.544,0.16,0.21,2.886,0.446,1.16,0.451,0.822,11438,0.37,0.538,27,77,61.6,5150,918,6280,8,67,5.97,12.91
50scenes_40m,2b2-univ2x,0,0,0,0,0.348,0.629,0.175,0.254,3.04,0.401,1.255,0.531,0.669,11438,0.352,0.64,30,54,133.6,6012,1991,5361,65,141,5.22,12.74
50scenes_40m,3-late fusion,0,0,0,0,0.335,0.432,0.711,0.215,3.196,0.391,1.138,0.401,0.703,11438,0.28,0.528,24,79,90.9,4559,1354,6853,26,70,7.24,18.96
50scenes_55m,0-no fusion,0,0,0,0,0.335,0.497,0.14,0.4,4.08,0.359,1.327,0.447,0.773,10054,0.345,0.557,23,55,68.3,4489,1018,5558,7,79,5.99,14.22
50scenes_55m,1-early fusion,0,0,0,0,0.483,0.511,0.185,0.371,4.221,0.522,1.116,0.59,0.877,10054,0.515,0.618,37,35,48.6,5901,724,4121,32,92,6.59,12.34
50scenes_55m,2a1-v2x-vit,0,0,0,0,0.35,0.566,0.194,0.529,3.937,0.379,1.274,0.454,0.722,10054,0.327,0.617,21,54,84.8,4550,1263,5492,12,105,8.27,17.8
50scenes_55m,2a2-where2comm,0,0,0,0,0.317,0.555,0.163,0.367,4.115,0.353,1.35,0.402,0.795,10054,0.319,0.54,22,59,55.6,4038,828,6012,4,49,6.9,14.64
50scenes_55m,2b1-cooptrack,0,0,0,0,0.364,0.506,0.155,0.37,4.025,0.402,1.279,0.429,0.815,10054,0.35,0.553,24,62,53.6,4312,798,5740,2,57,5.09,12.18
50scenes_55m,2b2-univ2x,0,0,0,0,0.323,0.616,0.195,0.428,4.006,0.349,1.339,0.407,0.77,10054,0.313,0.571,22,59,63,4085,939,5961,8,70,10.46,17.79
50scenes_55m,3-late fusion,0,0,0,0,0.306,0.404,0.704,0.308,3.989,0.332,1.239,0.365,0.669,10054,0.244,0.512,22,66,81.5,3666,1214,6382,6,54,6.69,11.72